{
  "type": "training_done",
  "result": {
    "scores": {
      "train_losses": [
        0.028487641364336014,
        0.035144057124853134,
        0.041729096323251724,
        0.043715860694646835,
        0.042500171810388565,
        0.04224960505962372,
        0.04086662828922272,
        0.040212780237197876,
        0.04029972478747368,
        0.039993420243263245,
        0.03942236676812172,
        0.039430443197488785,
        0.0387946218252182,
        0.039331283420324326,
        0.03947550803422928,
        0.03820614144206047,
        0.037566784769296646,
        0.037737634032964706,
        0.037465646862983704,
        0.03772462159395218,
        0.037673451006412506,
        0.03742950037121773,
        0.036518197506666183,
        0.036193717271089554,
        0.035901885479688644,
        0.035509027540683746,
        0.03471553325653076,
        0.034189239144325256,
        0.03397707641124725,
        0.033545300364494324,
        0.03328080475330353,
        0.033413391560316086,
        0.032862842082977295,
        0.032414522022008896,
        0.0323939323425293,
        0.032216716557741165,
        0.03162683919072151,
        0.03135377913713455,
        0.031088216230273247,
        0.030856508761644363,
        0.03072889894247055,
        0.030424967408180237,
        0.030420571565628052,
        0.030223309993743896,
        0.02985849231481552,
        0.029465259984135628,
        0.029390593990683556,
        0.028998052701354027,
        0.028525494039058685,
        0.028254885226488113,
        0.028251564130187035,
        0.028821242973208427,
        0.029077013954520226,
        0.02916228584945202,
        0.029525045305490494,
        0.03012334182858467,
        0.030268708243966103,
        0.030624235048890114,
        0.03153052553534508,
        0.03273029997944832,
        0.03486256301403046,
        0.03563060984015465,
        0.036284565925598145,
        0.036782406270504,
        0.03810342028737068,
        0.0391470305621624,
        0.03999102860689163,
        0.040430065244436264,
        0.04129479452967644,
        0.04137725010514259,
        0.04260038211941719,
        0.04326130449771881,
        0.044069286435842514,
        0.04492134228348732,
        0.04543149843811989,
        0.04577198252081871,
        0.04592505469918251,
        0.046100396662950516,
        0.04615022987127304,
        0.04623757302761078
      ],
      "validation_losses": [
        0.03517124429345131,
        0.03347645327448845,
        0.03288890793919563,
        0.035057008266448975,
        0.03779800236225128,
        0.033598750829696655,
        0.04459294676780701,
        0.06583058089017868,
        0.06250382959842682,
        0.05396450683474541
      ],
      "scores": [
        0.985124945640564,
        0.9857749938964844,
        0.9858749508857727,
        0.9851749539375305,
        0.9850999712944031,
        0.9868249893188477,
        0.9818750023841858,
        0.9725250005722046,
        0.9728749990463257,
        0.9768749475479126
      ],
      "final_train_losses": [
        0.034443072974681854,
        0.037095848470926285,
        0.038456570357084274,
        0.03751108795404434,
        0.040854740887880325,
        0.03836488351225853,
        0.038526084274053574,
        0.03721576929092407,
        0.038041695952415466,
        0.03846898302435875,
        0.03828635439276695,
        0.03820808604359627,
        0.03873400762677193,
        0.037407100200653076,
        0.03640563040971756,
        0.036759719252586365,
        0.0364673025906086,
        0.036408282816410065,
        0.036747727543115616,
        0.03690595552325249,
        0.03680339828133583,
        0.03617522120475769,
        0.036100972443819046,
        0.03540646284818649,
        0.034819457679986954,
        0.03470302000641823,
        0.03481242060661316,
        0.03465317189693451,
        0.0344533808529377,
        0.03463095799088478,
        0.0339929424226284,
        0.03354956954717636,
        0.03294484317302704,
        0.03291795775294304,
        0.03280668705701828,
        0.03293788433074951,
        0.03248792141675949,
        0.03262268006801605,
        0.03265642002224922,
        0.03224702924489975,
        0.031925007700920105,
        0.03177296742796898,
        0.031689271330833435,
        0.031173100695014,
        0.0315246656537056,
        0.031003085896372795,
        0.0308785829693079,
        0.030666563659906387,
        0.03117161989212036,
        0.031405068933963776,
        0.03128347545862198,
        0.03164665773510933,
        0.03188667446374893,
        0.03172522783279419,
        0.03195863589644432,
        0.031873468309640884,
        0.03248324617743492,
        0.03296063467860222,
        0.03316288813948631,
        0.03294864669442177,
        0.032915666699409485,
        0.033143050968647,
        0.033270325511693954,
        0.03322293609380722,
        0.03357208892703056,
        0.033340830355882645,
        0.034014467149972916,
        0.03429402410984039,
        0.03514045476913452,
        0.036218587309122086,
        0.03705882281064987,
        0.03792090713977814,
        0.0382910817861557,
        0.038654446601867676,
        0.03908349573612213,
        0.0389123372733593,
        0.03906325623393059,
        0.03917678818106651,
        0.04012347385287285,
        0.04043707996606827,
        0.04105404019355774,
        0.041842397302389145,
        0.04180508106946945,
        0.04153672605752945,
        0.04129887744784355,
        0.04115436226129532,
        0.04125576838850975,
        0.040981508791446686,
        0.04116258770227432,
        0.041065625846385956
      ]
    },
    "results": [
      [
        "/home/jupyter/segmentor/data/images/9c7af7183be24bc0a9dce429346c5037.png",
        [
          "/home/jupyter/segmentor/data/raw-labels/2019-07-20-142804-4001afee3bf041e2a79d0e04b2fec477.png",
          "/home/jupyter/segmentor/data/labels/2019-07-20-142804-4001afee3bf041e2a79d0e04b2fec477.png"
        ]
      ]
    ],
    "new_parameters_path": "/home/jupyter/segmentor/data/parameters/2019-07-20-142804-40ac59d595234534a59da6dfcee40f29.pth",
    "new_learner_path": "/home/jupyter/segmentor/data/learners/2019-07-20-142804-9beed6ad17f3432e891e319d53124874.pkl"
  }
}